"TIME","GEO","NRG_BAL","SIEC","UNIT","Value","Flag and Footnotes"
"2009","Belgium","Primary energy consumption (Europe 2020-2030)","Total","Thousand tonnes of oil equivalent (TOE)","50,465.933",""
"2010","Belgium","Primary energy consumption (Europe 2020-2030)","Total","Thousand tonnes of oil equivalent (TOE)","54,139.855",""
"2011","Belgium","Primary energy consumption (Europe 2020-2030)","Total","Thousand tonnes of oil equivalent (TOE)","50,521.787",""
"2012","Belgium","Primary energy consumption (Europe 2020-2030)","Total","Thousand tonnes of oil equivalent (TOE)","47,781.404",""
"2013","Belgium","Primary energy consumption (Europe 2020-2030)","Total","Thousand tonnes of oil equivalent (TOE)","49,337.293",""
"2014","Belgium","Primary energy consumption (Europe 2020-2030)","Total","Thousand tonnes of oil equivalent (TOE)","45,704.814",""
"2015","Belgium","Primary energy consumption (Europe 2020-2030)","Total","Thousand tonnes of oil equivalent (TOE)","46,057.246",""
"2016","Belgium","Primary energy consumption (Europe 2020-2030)","Total","Thousand tonnes of oil equivalent (TOE)","49,184.070",""
"2017","Belgium","Primary energy consumption (Europe 2020-2030)","Total","Thousand tonnes of oil equivalent (TOE)","49,094.366",""
"2018","Belgium","Primary energy consumption (Europe 2020-2030)","Total","Thousand tonnes of oil equivalent (TOE)","46,837.896",""
"2009","Bulgaria","Primary energy consumption (Europe 2020-2030)","Total","Thousand tonnes of oil equivalent (TOE)","16,914.810",""
"2010","Bulgaria","Primary energy consumption (Europe 2020-2030)","Total","Thousand tonnes of oil equivalent (TOE)","17,398.787",""
"2011","Bulgaria","Primary energy consumption (Europe 2020-2030)","Total","Thousand tonnes of oil equivalent (TOE)","18,574.790",""
"2012","Bulgaria","Primary energy consumption (Europe 2020-2030)","Total","Thousand tonnes of oil equivalent (TOE)","17,836.735",""
"2013","Bulgaria","Primary energy consumption (Europe 2020-2030)","Total","Thousand tonnes of oil equivalent (TOE)","16,509.621",""
"2014","Bulgaria","Primary energy consumption (Europe 2020-2030)","Total","Thousand tonnes of oil equivalent (TOE)","17,265.987",""
"2015","Bulgaria","Primary energy consumption (Europe 2020-2030)","Total","Thousand tonnes of oil equivalent (TOE)","17,963.297",""
"2016","Bulgaria","Primary energy consumption (Europe 2020-2030)","Total","Thousand tonnes of oil equivalent (TOE)","17,678.110",""
"2017","Bulgaria","Primary energy consumption (Europe 2020-2030)","Total","Thousand tonnes of oil equivalent (TOE)","18,335.932",""
"2018","Bulgaria","Primary energy consumption (Europe 2020-2030)","Total","Thousand tonnes of oil equivalent (TOE)","18,358.056",""
"2009","Czechia","Primary energy consumption (Europe 2020-2030)","Total","Thousand tonnes of oil equivalent (TOE)","40,143.690",""
"2010","Czechia","Primary energy consumption (Europe 2020-2030)","Total","Thousand tonnes of oil equivalent (TOE)","42,660.347",""
"2011","Czechia","Primary energy consumption (Europe 2020-2030)","Total","Thousand tonnes of oil equivalent (TOE)","41,025.721",""
"2012","Czechia","Primary energy consumption (Europe 2020-2030)","Total","Thousand tonnes of oil equivalent (TOE)","40,593.353",""
"2013","Czechia","Primary energy consumption (Europe 2020-2030)","Total","Thousand tonnes of oil equivalent (TOE)","40,939.411",""
"2014","Czechia","Primary energy consumption (Europe 2020-2030)","Total","Thousand tonnes of oil equivalent (TOE)","39,160.435",""
"2015","Czechia","Primary energy consumption (Europe 2020-2030)","Total","Thousand tonnes of oil equivalent (TOE)","39,742.087",""
"2016","Czechia","Primary energy consumption (Europe 2020-2030)","Total","Thousand tonnes of oil equivalent (TOE)","40,038.454",""
"2017","Czechia","Primary energy consumption (Europe 2020-2030)","Total","Thousand tonnes of oil equivalent (TOE)","40,345.125",""
"2018","Czechia","Primary energy consumption (Europe 2020-2030)","Total","Thousand tonnes of oil equivalent (TOE)","40,386.897",""
"2009","Denmark","Primary energy consumption (Europe 2020-2030)","Total","Thousand tonnes of oil equivalent (TOE)","18,907.205",""
"2010","Denmark","Primary energy consumption (Europe 2020-2030)","Total","Thousand tonnes of oil equivalent (TOE)","20,020.271",""
"2011","Denmark","Primary energy consumption (Europe 2020-2030)","Total","Thousand tonnes of oil equivalent (TOE)","18,521.322",""
"2012","Denmark","Primary energy consumption (Europe 2020-2030)","Total","Thousand tonnes of oil equivalent (TOE)","17,820.702",""
"2013","Denmark","Primary energy consumption (Europe 2020-2030)","Total","Thousand tonnes of oil equivalent (TOE)","17,842.380",""
"2014","Denmark","Primary energy consumption (Europe 2020-2030)","Total","Thousand tonnes of oil equivalent (TOE)","16,930.262",""
"2015","Denmark","Primary energy consumption (Europe 2020-2030)","Total","Thousand tonnes of oil equivalent (TOE)","16,922.183",""
"2016","Denmark","Primary energy consumption (Europe 2020-2030)","Total","Thousand tonnes of oil equivalent (TOE)","17,565.553",""
"2017","Denmark","Primary energy consumption (Europe 2020-2030)","Total","Thousand tonnes of oil equivalent (TOE)","17,847.747",""
"2018","Denmark","Primary energy consumption (Europe 2020-2030)","Total","Thousand tonnes of oil equivalent (TOE)","17,957.928",""
"2009","Germany (until 1990 former territory of the FRG)","Primary energy consumption (Europe 2020-2030)","Total","Thousand tonnes of oil equivalent (TOE)","299,920.404",""
"2010","Germany (until 1990 former territory of the FRG)","Primary energy consumption (Europe 2020-2030)","Total","Thousand tonnes of oil equivalent (TOE)","315,154.757",""
"2011","Germany (until 1990 former territory of the FRG)","Primary energy consumption (Europe 2020-2030)","Total","Thousand tonnes of oil equivalent (TOE)","297,797.427",""
"2012","Germany (until 1990 former territory of the FRG)","Primary energy consumption (Europe 2020-2030)","Total","Thousand tonnes of oil equivalent (TOE)","301,124.320",""
"2013","Germany (until 1990 former territory of the FRG)","Primary energy consumption (Europe 2020-2030)","Total","Thousand tonnes of oil equivalent (TOE)","308,288.430",""
"2014","Germany (until 1990 former territory of the FRG)","Primary energy consumption (Europe 2020-2030)","Total","Thousand tonnes of oil equivalent (TOE)","293,600.604",""
"2015","Germany (until 1990 former territory of the FRG)","Primary energy consumption (Europe 2020-2030)","Total","Thousand tonnes of oil equivalent (TOE)","295,929.652",""
"2016","Germany (until 1990 former territory of the FRG)","Primary energy consumption (Europe 2020-2030)","Total","Thousand tonnes of oil equivalent (TOE)","297,625.400",""
"2017","Germany (until 1990 former territory of the FRG)","Primary energy consumption (Europe 2020-2030)","Total","Thousand tonnes of oil equivalent (TOE)","298,120.094",""
"2018","Germany (until 1990 former territory of the FRG)","Primary energy consumption (Europe 2020-2030)","Total","Thousand tonnes of oil equivalent (TOE)","291,747.093",""
"2009","Estonia","Primary energy consumption (Europe 2020-2030)","Total","Thousand tonnes of oil equivalent (TOE)","4,737.001",""
"2010","Estonia","Primary energy consumption (Europe 2020-2030)","Total","Thousand tonnes of oil equivalent (TOE)","5,579.861",""
"2011","Estonia","Primary energy consumption (Europe 2020-2030)","Total","Thousand tonnes of oil equivalent (TOE)","5,604.752",""
"2012","Estonia","Primary energy consumption (Europe 2020-2030)","Total","Thousand tonnes of oil equivalent (TOE)","5,420.205",""
"2013","Estonia","Primary energy consumption (Europe 2020-2030)","Total","Thousand tonnes of oil equivalent (TOE)","5,978.545",""
"2014","Estonia","Primary energy consumption (Europe 2020-2030)","Total","Thousand tonnes of oil equivalent (TOE)","5,703.568",""
"2015","Estonia","Primary energy consumption (Europe 2020-2030)","Total","Thousand tonnes of oil equivalent (TOE)","5,330.480",""
"2016","Estonia","Primary energy consumption (Europe 2020-2030)","Total","Thousand tonnes of oil equivalent (TOE)","5,900.248",""
"2017","Estonia","Primary energy consumption (Europe 2020-2030)","Total","Thousand tonnes of oil equivalent (TOE)","5,646.064",""
"2018","Estonia","Primary energy consumption (Europe 2020-2030)","Total","Thousand tonnes of oil equivalent (TOE)","6,174.185",""
"2009","Ireland","Primary energy consumption (Europe 2020-2030)","Total","Thousand tonnes of oil equivalent (TOE)","14,900.235",""
"2010","Ireland","Primary energy consumption (Europe 2020-2030)","Total","Thousand tonnes of oil equivalent (TOE)","14,703.765",""
"2011","Ireland","Primary energy consumption (Europe 2020-2030)","Total","Thousand tonnes of oil equivalent (TOE)","13,526.159",""
"2012","Ireland","Primary energy consumption (Europe 2020-2030)","Total","Thousand tonnes of oil equivalent (TOE)","13,695.169",""
"2013","Ireland","Primary energy consumption (Europe 2020-2030)","Total","Thousand tonnes of oil equivalent (TOE)","13,084.780",""
"2014","Ireland","Primary energy consumption (Europe 2020-2030)","Total","Thousand tonnes of oil equivalent (TOE)","13,241.831",""
"2015","Ireland","Primary energy consumption (Europe 2020-2030)","Total","Thousand tonnes of oil equivalent (TOE)","13,924.570",""
"2016","Ireland","Primary energy consumption (Europe 2020-2030)","Total","Thousand tonnes of oil equivalent (TOE)","14,610.795",""
"2017","Ireland","Primary energy consumption (Europe 2020-2030)","Total","Thousand tonnes of oil equivalent (TOE)","14,390.578",""
"2018","Ireland","Primary energy consumption (Europe 2020-2030)","Total","Thousand tonnes of oil equivalent (TOE)","14,543.765",""
"2009","Greece","Primary energy consumption (Europe 2020-2030)","Total","Thousand tonnes of oil equivalent (TOE)","29,323.409",""
"2010","Greece","Primary energy consumption (Europe 2020-2030)","Total","Thousand tonnes of oil equivalent (TOE)","27,108.239",""
"2011","Greece","Primary energy consumption (Europe 2020-2030)","Total","Thousand tonnes of oil equivalent (TOE)","26,548.939",""
"2012","Greece","Primary energy consumption (Europe 2020-2030)","Total","Thousand tonnes of oil equivalent (TOE)","26,393.146",""
"2013","Greece","Primary energy consumption (Europe 2020-2030)","Total","Thousand tonnes of oil equivalent (TOE)","23,280.692",""
"2014","Greece","Primary energy consumption (Europe 2020-2030)","Total","Thousand tonnes of oil equivalent (TOE)","23,139.251",""
"2015","Greece","Primary energy consumption (Europe 2020-2030)","Total","Thousand tonnes of oil equivalent (TOE)","23,229.298",""
"2016","Greece","Primary energy consumption (Europe 2020-2030)","Total","Thousand tonnes of oil equivalent (TOE)","22,902.612",""
"2017","Greece","Primary energy consumption (Europe 2020-2030)","Total","Thousand tonnes of oil equivalent (TOE)","23,122.920",""
"2018","Greece","Primary energy consumption (Europe 2020-2030)","Total","Thousand tonnes of oil equivalent (TOE)","22,418.216",""
"2009","Spain","Primary energy consumption (Europe 2020-2030)","Total","Thousand tonnes of oil equivalent (TOE)","123,383.344",""
"2010","Spain","Primary energy consumption (Europe 2020-2030)","Total","Thousand tonnes of oil equivalent (TOE)","123,340.211",""
"2011","Spain","Primary energy consumption (Europe 2020-2030)","Total","Thousand tonnes of oil equivalent (TOE)","122,978.389",""
"2012","Spain","Primary energy consumption (Europe 2020-2030)","Total","Thousand tonnes of oil equivalent (TOE)","123,411.074",""
"2013","Spain","Primary energy consumption (Europe 2020-2030)","Total","Thousand tonnes of oil equivalent (TOE)","116,063.879",""
"2014","Spain","Primary energy consumption (Europe 2020-2030)","Total","Thousand tonnes of oil equivalent (TOE)","114,199.831",""
"2015","Spain","Primary energy consumption (Europe 2020-2030)","Total","Thousand tonnes of oil equivalent (TOE)","118,602.103",""
"2016","Spain","Primary energy consumption (Europe 2020-2030)","Total","Thousand tonnes of oil equivalent (TOE)","119,294.878",""
"2017","Spain","Primary energy consumption (Europe 2020-2030)","Total","Thousand tonnes of oil equivalent (TOE)","125,792.738",""
"2018","Spain","Primary energy consumption (Europe 2020-2030)","Total","Thousand tonnes of oil equivalent (TOE)","124,629.784",""
"2009","France","Primary energy consumption (Europe 2020-2030)","Total","Thousand tonnes of oil equivalent (TOE)","246,321.918",""
"2010","France","Primary energy consumption (Europe 2020-2030)","Total","Thousand tonnes of oil equivalent (TOE)","254,447.194",""
"2011","France","Primary energy consumption (Europe 2020-2030)","Total","Thousand tonnes of oil equivalent (TOE)","249,188.691",""
"2012","France","Primary energy consumption (Europe 2020-2030)","Total","Thousand tonnes of oil equivalent (TOE)","249,148.934",""
"2013","France","Primary energy consumption (Europe 2020-2030)","Total","Thousand tonnes of oil equivalent (TOE)","250,374.641",""
"2014","France","Primary energy consumption (Europe 2020-2030)","Total","Thousand tonnes of oil equivalent (TOE)","239,769.395",""
"2015","France","Primary energy consumption (Europe 2020-2030)","Total","Thousand tonnes of oil equivalent (TOE)","244,402.481",""
"2016","France","Primary energy consumption (Europe 2020-2030)","Total","Thousand tonnes of oil equivalent (TOE)","240,109.898",""
"2017","France","Primary energy consumption (Europe 2020-2030)","Total","Thousand tonnes of oil equivalent (TOE)","239,152.152",""
"2018","France","Primary energy consumption (Europe 2020-2030)","Total","Thousand tonnes of oil equivalent (TOE)","238,910.179",""
"2009","Croatia","Primary energy consumption (Europe 2020-2030)","Total","Thousand tonnes of oil equivalent (TOE)","8,953.677",""
"2010","Croatia","Primary energy consumption (Europe 2020-2030)","Total","Thousand tonnes of oil equivalent (TOE)","8,859.235",""
"2011","Croatia","Primary energy consumption (Europe 2020-2030)","Total","Thousand tonnes of oil equivalent (TOE)","8,648.126",""
"2012","Croatia","Primary energy consumption (Europe 2020-2030)","Total","Thousand tonnes of oil equivalent (TOE)","8,178.325",""
"2013","Croatia","Primary energy consumption (Europe 2020-2030)","Total","Thousand tonnes of oil equivalent (TOE)","8,001.294",""
"2014","Croatia","Primary energy consumption (Europe 2020-2030)","Total","Thousand tonnes of oil equivalent (TOE)","7,597.697",""
"2015","Croatia","Primary energy consumption (Europe 2020-2030)","Total","Thousand tonnes of oil equivalent (TOE)","7,958.196",""
"2016","Croatia","Primary energy consumption (Europe 2020-2030)","Total","Thousand tonnes of oil equivalent (TOE)","8,046.044",""
"2017","Croatia","Primary energy consumption (Europe 2020-2030)","Total","Thousand tonnes of oil equivalent (TOE)","8,330.485",""
"2018","Croatia","Primary energy consumption (Europe 2020-2030)","Total","Thousand tonnes of oil equivalent (TOE)","8,178.387",""
"2009","Italy","Primary energy consumption (Europe 2020-2030)","Total","Thousand tonnes of oil equivalent (TOE)","164,083.507",""
"2010","Italy","Primary energy consumption (Europe 2020-2030)","Total","Thousand tonnes of oil equivalent (TOE)","167,284.477",""
"2011","Italy","Primary energy consumption (Europe 2020-2030)","Total","Thousand tonnes of oil equivalent (TOE)","162,004.633",""
"2012","Italy","Primary energy consumption (Europe 2020-2030)","Total","Thousand tonnes of oil equivalent (TOE)","156,560.636",""
"2013","Italy","Primary energy consumption (Europe 2020-2030)","Total","Thousand tonnes of oil equivalent (TOE)","152,051.731",""
"2014","Italy","Primary energy consumption (Europe 2020-2030)","Total","Thousand tonnes of oil equivalent (TOE)","142,658.341",""
"2015","Italy","Primary energy consumption (Europe 2020-2030)","Total","Thousand tonnes of oil equivalent (TOE)","149,124.203",""
"2016","Italy","Primary energy consumption (Europe 2020-2030)","Total","Thousand tonnes of oil equivalent (TOE)","147,971.065",""
"2017","Italy","Primary energy consumption (Europe 2020-2030)","Total","Thousand tonnes of oil equivalent (TOE)","148,947.608",""
"2018","Italy","Primary energy consumption (Europe 2020-2030)","Total","Thousand tonnes of oil equivalent (TOE)","147,243.533",""
"2009","Cyprus","Primary energy consumption (Europe 2020-2030)","Total","Thousand tonnes of oil equivalent (TOE)","2,769.754",""
"2010","Cyprus","Primary energy consumption (Europe 2020-2030)","Total","Thousand tonnes of oil equivalent (TOE)","2,675.242",""
"2011","Cyprus","Primary energy consumption (Europe 2020-2030)","Total","Thousand tonnes of oil equivalent (TOE)","2,646.331",""
"2012","Cyprus","Primary energy consumption (Europe 2020-2030)","Total","Thousand tonnes of oil equivalent (TOE)","2,501.146",""
"2013","Cyprus","Primary energy consumption (Europe 2020-2030)","Total","Thousand tonnes of oil equivalent (TOE)","2,176.605",""
"2014","Cyprus","Primary energy consumption (Europe 2020-2030)","Total","Thousand tonnes of oil equivalent (TOE)","2,222.653",""
"2015","Cyprus","Primary energy consumption (Europe 2020-2030)","Total","Thousand tonnes of oil equivalent (TOE)","2,275.961",""
"2016","Cyprus","Primary energy consumption (Europe 2020-2030)","Total","Thousand tonnes of oil equivalent (TOE)","2,426.224",""
"2017","Cyprus","Primary energy consumption (Europe 2020-2030)","Total","Thousand tonnes of oil equivalent (TOE)","2,534.776",""
"2018","Cyprus","Primary energy consumption (Europe 2020-2030)","Total","Thousand tonnes of oil equivalent (TOE)","2,548.271",""
"2009","Latvia","Primary energy consumption (Europe 2020-2030)","Total","Thousand tonnes of oil equivalent (TOE)","4,433.833",""
"2010","Latvia","Primary energy consumption (Europe 2020-2030)","Total","Thousand tonnes of oil equivalent (TOE)","4,556.461",""
"2011","Latvia","Primary energy consumption (Europe 2020-2030)","Total","Thousand tonnes of oil equivalent (TOE)","4,280.129",""
"2012","Latvia","Primary energy consumption (Europe 2020-2030)","Total","Thousand tonnes of oil equivalent (TOE)","4,439.760",""
"2013","Latvia","Primary energy consumption (Europe 2020-2030)","Total","Thousand tonnes of oil equivalent (TOE)","4,358.973",""
"2014","Latvia","Primary energy consumption (Europe 2020-2030)","Total","Thousand tonnes of oil equivalent (TOE)","4,358.259",""
"2015","Latvia","Primary energy consumption (Europe 2020-2030)","Total","Thousand tonnes of oil equivalent (TOE)","4,266.425",""
"2016","Latvia","Primary energy consumption (Europe 2020-2030)","Total","Thousand tonnes of oil equivalent (TOE)","4,294.892",""
"2017","Latvia","Primary energy consumption (Europe 2020-2030)","Total","Thousand tonnes of oil equivalent (TOE)","4,465.030",""
"2018","Latvia","Primary energy consumption (Europe 2020-2030)","Total","Thousand tonnes of oil equivalent (TOE)","4,691.627",""
"2009","Lithuania","Primary energy consumption (Europe 2020-2030)","Total","Thousand tonnes of oil equivalent (TOE)","7,815.934",""
"2010","Lithuania","Primary energy consumption (Europe 2020-2030)","Total","Thousand tonnes of oil equivalent (TOE)","6,167.058",""
"2011","Lithuania","Primary energy consumption (Europe 2020-2030)","Total","Thousand tonnes of oil equivalent (TOE)","5,905.753",""
"2012","Lithuania","Primary energy consumption (Europe 2020-2030)","Total","Thousand tonnes of oil equivalent (TOE)","5,984.550",""
"2013","Lithuania","Primary energy consumption (Europe 2020-2030)","Total","Thousand tonnes of oil equivalent (TOE)","5,803.230",""
"2014","Lithuania","Primary energy consumption (Europe 2020-2030)","Total","Thousand tonnes of oil equivalent (TOE)","5,752.226",""
"2015","Lithuania","Primary energy consumption (Europe 2020-2030)","Total","Thousand tonnes of oil equivalent (TOE)","5,793.555",""
"2016","Lithuania","Primary energy consumption (Europe 2020-2030)","Total","Thousand tonnes of oil equivalent (TOE)","6,039.542",""
"2017","Lithuania","Primary energy consumption (Europe 2020-2030)","Total","Thousand tonnes of oil equivalent (TOE)","6,161.042",""
"2018","Lithuania","Primary energy consumption (Europe 2020-2030)","Total","Thousand tonnes of oil equivalent (TOE)","6,332.008",""
"2009","Luxembourg","Primary energy consumption (Europe 2020-2030)","Total","Thousand tonnes of oil equivalent (TOE)","4,340.655",""
"2010","Luxembourg","Primary energy consumption (Europe 2020-2030)","Total","Thousand tonnes of oil equivalent (TOE)","4,612.729",""
"2011","Luxembourg","Primary energy consumption (Europe 2020-2030)","Total","Thousand tonnes of oil equivalent (TOE)","4,532.342",""
"2012","Luxembourg","Primary energy consumption (Europe 2020-2030)","Total","Thousand tonnes of oil equivalent (TOE)","4,418.345",""
"2013","Luxembourg","Primary energy consumption (Europe 2020-2030)","Total","Thousand tonnes of oil equivalent (TOE)","4,297.686",""
"2014","Luxembourg","Primary energy consumption (Europe 2020-2030)","Total","Thousand tonnes of oil equivalent (TOE)","4,186.686",""
"2015","Luxembourg","Primary energy consumption (Europe 2020-2030)","Total","Thousand tonnes of oil equivalent (TOE)","4,143.816",""
"2016","Luxembourg","Primary energy consumption (Europe 2020-2030)","Total","Thousand tonnes of oil equivalent (TOE)","4,154.304",""
"2017","Luxembourg","Primary energy consumption (Europe 2020-2030)","Total","Thousand tonnes of oil equivalent (TOE)","4,291.857",""
"2018","Luxembourg","Primary energy consumption (Europe 2020-2030)","Total","Thousand tonnes of oil equivalent (TOE)","4,463.456",""
"2009","Hungary","Primary energy consumption (Europe 2020-2030)","Total","Thousand tonnes of oil equivalent (TOE)","23,947.914",""
"2010","Hungary","Primary energy consumption (Europe 2020-2030)","Total","Thousand tonnes of oil equivalent (TOE)","24,618.237",""
"2011","Hungary","Primary energy consumption (Europe 2020-2030)","Total","Thousand tonnes of oil equivalent (TOE)","24,390.621",""
"2012","Hungary","Primary energy consumption (Europe 2020-2030)","Total","Thousand tonnes of oil equivalent (TOE)","23,133.983",""
"2013","Hungary","Primary energy consumption (Europe 2020-2030)","Total","Thousand tonnes of oil equivalent (TOE)","22,405.328",""
"2014","Hungary","Primary energy consumption (Europe 2020-2030)","Total","Thousand tonnes of oil equivalent (TOE)","21,994.770",""
"2015","Hungary","Primary energy consumption (Europe 2020-2030)","Total","Thousand tonnes of oil equivalent (TOE)","23,298.063",""
"2016","Hungary","Primary energy consumption (Europe 2020-2030)","Total","Thousand tonnes of oil equivalent (TOE)","23,736.387",""
"2017","Hungary","Primary energy consumption (Europe 2020-2030)","Total","Thousand tonnes of oil equivalent (TOE)","24,501.282",""
"2018","Hungary","Primary energy consumption (Europe 2020-2030)","Total","Thousand tonnes of oil equivalent (TOE)","24,488.703",""
"2009","Malta","Primary energy consumption (Europe 2020-2030)","Total","Thousand tonnes of oil equivalent (TOE)","883.801",""
"2010","Malta","Primary energy consumption (Europe 2020-2030)","Total","Thousand tonnes of oil equivalent (TOE)","929.679",""
"2011","Malta","Primary energy consumption (Europe 2020-2030)","Total","Thousand tonnes of oil equivalent (TOE)","927.770",""
"2012","Malta","Primary energy consumption (Europe 2020-2030)","Total","Thousand tonnes of oil equivalent (TOE)","970.567",""
"2013","Malta","Primary energy consumption (Europe 2020-2030)","Total","Thousand tonnes of oil equivalent (TOE)","870.267",""
"2014","Malta","Primary energy consumption (Europe 2020-2030)","Total","Thousand tonnes of oil equivalent (TOE)","882.643",""
"2015","Malta","Primary energy consumption (Europe 2020-2030)","Total","Thousand tonnes of oil equivalent (TOE)","750.977",""
"2016","Malta","Primary energy consumption (Europe 2020-2030)","Total","Thousand tonnes of oil equivalent (TOE)","709.792",""
"2017","Malta","Primary energy consumption (Europe 2020-2030)","Total","Thousand tonnes of oil equivalent (TOE)","806.998",""
"2018","Malta","Primary energy consumption (Europe 2020-2030)","Total","Thousand tonnes of oil equivalent (TOE)","822.992",""
"2009","Netherlands","Primary energy consumption (Europe 2020-2030)","Total","Thousand tonnes of oil equivalent (TOE)","67,625.916",""
"2010","Netherlands","Primary energy consumption (Europe 2020-2030)","Total","Thousand tonnes of oil equivalent (TOE)","71,719.116",""
"2011","Netherlands","Primary energy consumption (Europe 2020-2030)","Total","Thousand tonnes of oil equivalent (TOE)","67,052.810",""
"2012","Netherlands","Primary energy consumption (Europe 2020-2030)","Total","Thousand tonnes of oil equivalent (TOE)","66,746.674",""
"2013","Netherlands","Primary energy consumption (Europe 2020-2030)","Total","Thousand tonnes of oil equivalent (TOE)","66,210.187",""
"2014","Netherlands","Primary energy consumption (Europe 2020-2030)","Total","Thousand tonnes of oil equivalent (TOE)","62,316.465",""
"2015","Netherlands","Primary energy consumption (Europe 2020-2030)","Total","Thousand tonnes of oil equivalent (TOE)","63,735.558",""
"2016","Netherlands","Primary energy consumption (Europe 2020-2030)","Total","Thousand tonnes of oil equivalent (TOE)","64,768.594",""
"2017","Netherlands","Primary energy consumption (Europe 2020-2030)","Total","Thousand tonnes of oil equivalent (TOE)","65,082.344",""
"2018","Netherlands","Primary energy consumption (Europe 2020-2030)","Total","Thousand tonnes of oil equivalent (TOE)","64,711.441",""
"2009","Austria","Primary energy consumption (Europe 2020-2030)","Total","Thousand tonnes of oil equivalent (TOE)","30,639.775",""
"2010","Austria","Primary energy consumption (Europe 2020-2030)","Total","Thousand tonnes of oil equivalent (TOE)","32,858.691",""
"2011","Austria","Primary energy consumption (Europe 2020-2030)","Total","Thousand tonnes of oil equivalent (TOE)","31,972.276",""
"2012","Austria","Primary energy consumption (Europe 2020-2030)","Total","Thousand tonnes of oil equivalent (TOE)","31,640.693",""
"2013","Austria","Primary energy consumption (Europe 2020-2030)","Total","Thousand tonnes of oil equivalent (TOE)","32,114.859",""
"2014","Austria","Primary energy consumption (Europe 2020-2030)","Total","Thousand tonnes of oil equivalent (TOE)","30,796.347",""
"2015","Austria","Primary energy consumption (Europe 2020-2030)","Total","Thousand tonnes of oil equivalent (TOE)","31,617.704",""
"2016","Austria","Primary energy consumption (Europe 2020-2030)","Total","Thousand tonnes of oil equivalent (TOE)","31,900.017",""
"2017","Austria","Primary energy consumption (Europe 2020-2030)","Total","Thousand tonnes of oil equivalent (TOE)","32,806.354",""
"2018","Austria","Primary energy consumption (Europe 2020-2030)","Total","Thousand tonnes of oil equivalent (TOE)","31,800.958",""
"2009","Poland","Primary energy consumption (Europe 2020-2030)","Total","Thousand tonnes of oil equivalent (TOE)","89,533.141",""
"2010","Poland","Primary energy consumption (Europe 2020-2030)","Total","Thousand tonnes of oil equivalent (TOE)","96,564.133",""
"2011","Poland","Primary energy consumption (Europe 2020-2030)","Total","Thousand tonnes of oil equivalent (TOE)","96,548.296",""
"2012","Poland","Primary energy consumption (Europe 2020-2030)","Total","Thousand tonnes of oil equivalent (TOE)","93,098.941",""
"2013","Poland","Primary energy consumption (Europe 2020-2030)","Total","Thousand tonnes of oil equivalent (TOE)","93,531.776",""
"2014","Poland","Primary energy consumption (Europe 2020-2030)","Total","Thousand tonnes of oil equivalent (TOE)","89,494.196",""
"2015","Poland","Primary energy consumption (Europe 2020-2030)","Total","Thousand tonnes of oil equivalent (TOE)","90,055.169",""
"2016","Poland","Primary energy consumption (Europe 2020-2030)","Total","Thousand tonnes of oil equivalent (TOE)","94,833.334",""
"2017","Poland","Primary energy consumption (Europe 2020-2030)","Total","Thousand tonnes of oil equivalent (TOE)","99,159.152",""
"2018","Poland","Primary energy consumption (Europe 2020-2030)","Total","Thousand tonnes of oil equivalent (TOE)","101,062.262",""
"2009","Portugal","Primary energy consumption (Europe 2020-2030)","Total","Thousand tonnes of oil equivalent (TOE)","23,616.516",""
"2010","Portugal","Primary energy consumption (Europe 2020-2030)","Total","Thousand tonnes of oil equivalent (TOE)","22,642.906",""
"2011","Portugal","Primary energy consumption (Europe 2020-2030)","Total","Thousand tonnes of oil equivalent (TOE)","22,003.993",""
"2012","Portugal","Primary energy consumption (Europe 2020-2030)","Total","Thousand tonnes of oil equivalent (TOE)","21,042.138",""
"2013","Portugal","Primary energy consumption (Europe 2020-2030)","Total","Thousand tonnes of oil equivalent (TOE)","21,033.566",""
"2014","Portugal","Primary energy consumption (Europe 2020-2030)","Total","Thousand tonnes of oil equivalent (TOE)","20,679.414",""
"2015","Portugal","Primary energy consumption (Europe 2020-2030)","Total","Thousand tonnes of oil equivalent (TOE)","21,644.586",""
"2016","Portugal","Primary energy consumption (Europe 2020-2030)","Total","Thousand tonnes of oil equivalent (TOE)","21,763.095",""
"2017","Portugal","Primary energy consumption (Europe 2020-2030)","Total","Thousand tonnes of oil equivalent (TOE)","22,820.725",""
"2018","Portugal","Primary energy consumption (Europe 2020-2030)","Total","Thousand tonnes of oil equivalent (TOE)","22,637.289",""
"2009","Romania","Primary energy consumption (Europe 2020-2030)","Total","Thousand tonnes of oil equivalent (TOE)","32,659.740",""
"2010","Romania","Primary energy consumption (Europe 2020-2030)","Total","Thousand tonnes of oil equivalent (TOE)","32,967.706",""
"2011","Romania","Primary energy consumption (Europe 2020-2030)","Total","Thousand tonnes of oil equivalent (TOE)","33,551.907",""
"2012","Romania","Primary energy consumption (Europe 2020-2030)","Total","Thousand tonnes of oil equivalent (TOE)","33,255.706",""
"2013","Romania","Primary energy consumption (Europe 2020-2030)","Total","Thousand tonnes of oil equivalent (TOE)","30,411.154",""
"2014","Romania","Primary energy consumption (Europe 2020-2030)","Total","Thousand tonnes of oil equivalent (TOE)","30,046.652",""
"2015","Romania","Primary energy consumption (Europe 2020-2030)","Total","Thousand tonnes of oil equivalent (TOE)","30,729.764",""
"2016","Romania","Primary energy consumption (Europe 2020-2030)","Total","Thousand tonnes of oil equivalent (TOE)","30,619.215",""
"2017","Romania","Primary energy consumption (Europe 2020-2030)","Total","Thousand tonnes of oil equivalent (TOE)","32,367.025",""
"2018","Romania","Primary energy consumption (Europe 2020-2030)","Total","Thousand tonnes of oil equivalent (TOE)","32,481.905",""
"2009","Slovenia","Primary energy consumption (Europe 2020-2030)","Total","Thousand tonnes of oil equivalent (TOE)","6,796.431",""
"2010","Slovenia","Primary energy consumption (Europe 2020-2030)","Total","Thousand tonnes of oil equivalent (TOE)","7,004.594",""
"2011","Slovenia","Primary energy consumption (Europe 2020-2030)","Total","Thousand tonnes of oil equivalent (TOE)","7,078.607",""
"2012","Slovenia","Primary energy consumption (Europe 2020-2030)","Total","Thousand tonnes of oil equivalent (TOE)","6,805.860",""
"2013","Slovenia","Primary energy consumption (Europe 2020-2030)","Total","Thousand tonnes of oil equivalent (TOE)","6,634.887",""
"2014","Slovenia","Primary energy consumption (Europe 2020-2030)","Total","Thousand tonnes of oil equivalent (TOE)","6,369.324",""
"2015","Slovenia","Primary energy consumption (Europe 2020-2030)","Total","Thousand tonnes of oil equivalent (TOE)","6,318.292",""
"2016","Slovenia","Primary energy consumption (Europe 2020-2030)","Total","Thousand tonnes of oil equivalent (TOE)","6,543.690",""
"2017","Slovenia","Primary energy consumption (Europe 2020-2030)","Total","Thousand tonnes of oil equivalent (TOE)","6,727.847",""
"2018","Slovenia","Primary energy consumption (Europe 2020-2030)","Total","Thousand tonnes of oil equivalent (TOE)","6,674.567",""
"2009","Slovakia","Primary energy consumption (Europe 2020-2030)","Total","Thousand tonnes of oil equivalent (TOE)","15,520.354",""
"2010","Slovakia","Primary energy consumption (Europe 2020-2030)","Total","Thousand tonnes of oil equivalent (TOE)","16,658.471",""
"2011","Slovakia","Primary energy consumption (Europe 2020-2030)","Total","Thousand tonnes of oil equivalent (TOE)","15,969.082",""
"2012","Slovakia","Primary energy consumption (Europe 2020-2030)","Total","Thousand tonnes of oil equivalent (TOE)","15,585.988",""
"2013","Slovakia","Primary energy consumption (Europe 2020-2030)","Total","Thousand tonnes of oil equivalent (TOE)","15,689.009",""
"2014","Slovakia","Primary energy consumption (Europe 2020-2030)","Total","Thousand tonnes of oil equivalent (TOE)","14,828.983",""
"2015","Slovakia","Primary energy consumption (Europe 2020-2030)","Total","Thousand tonnes of oil equivalent (TOE)","15,218.519",""
"2016","Slovakia","Primary energy consumption (Europe 2020-2030)","Total","Thousand tonnes of oil equivalent (TOE)","15,367.823",""
"2017","Slovakia","Primary energy consumption (Europe 2020-2030)","Total","Thousand tonnes of oil equivalent (TOE)","16,148.890",""
"2018","Slovakia","Primary energy consumption (Europe 2020-2030)","Total","Thousand tonnes of oil equivalent (TOE)","15,790.463",""
"2009","Finland","Primary energy consumption (Europe 2020-2030)","Total","Thousand tonnes of oil equivalent (TOE)","32,392.575",""
"2010","Finland","Primary energy consumption (Europe 2020-2030)","Total","Thousand tonnes of oil equivalent (TOE)","35,503.306",""
"2011","Finland","Primary energy consumption (Europe 2020-2030)","Total","Thousand tonnes of oil equivalent (TOE)","34,251.007",""
"2012","Finland","Primary energy consumption (Europe 2020-2030)","Total","Thousand tonnes of oil equivalent (TOE)","33,017.318",""
"2013","Finland","Primary energy consumption (Europe 2020-2030)","Total","Thousand tonnes of oil equivalent (TOE)","32,036.263",""
"2014","Finland","Primary energy consumption (Europe 2020-2030)","Total","Thousand tonnes of oil equivalent (TOE)","32,701.705",""
"2015","Finland","Primary energy consumption (Europe 2020-2030)","Total","Thousand tonnes of oil equivalent (TOE)","31,152.132",""
"2016","Finland","Primary energy consumption (Europe 2020-2030)","Total","Thousand tonnes of oil equivalent (TOE)","32,427.177",""
"2017","Finland","Primary energy consumption (Europe 2020-2030)","Total","Thousand tonnes of oil equivalent (TOE)","32,086.164",""
"2018","Finland","Primary energy consumption (Europe 2020-2030)","Total","Thousand tonnes of oil equivalent (TOE)","32,987.446",""
"2009","Sweden","Primary energy consumption (Europe 2020-2030)","Total","Thousand tonnes of oil equivalent (TOE)","43,325.554",""
"2010","Sweden","Primary energy consumption (Europe 2020-2030)","Total","Thousand tonnes of oil equivalent (TOE)","48,591.905",""
"2011","Sweden","Primary energy consumption (Europe 2020-2030)","Total","Thousand tonnes of oil equivalent (TOE)","47,622.456",""
"2012","Sweden","Primary energy consumption (Europe 2020-2030)","Total","Thousand tonnes of oil equivalent (TOE)","47,590.048",""
"2013","Sweden","Primary energy consumption (Europe 2020-2030)","Total","Thousand tonnes of oil equivalent (TOE)","46,440.871",""
"2014","Sweden","Primary energy consumption (Europe 2020-2030)","Total","Thousand tonnes of oil equivalent (TOE)","46,031.942",""
"2015","Sweden","Primary energy consumption (Europe 2020-2030)","Total","Thousand tonnes of oil equivalent (TOE)","44,317.804",""
"2016","Sweden","Primary energy consumption (Europe 2020-2030)","Total","Thousand tonnes of oil equivalent (TOE)","45,413.965",""
"2017","Sweden","Primary energy consumption (Europe 2020-2030)","Total","Thousand tonnes of oil equivalent (TOE)","46,445.846",""
"2018","Sweden","Primary energy consumption (Europe 2020-2030)","Total","Thousand tonnes of oil equivalent (TOE)","46,777.803",""
"2009","United Kingdom","Primary energy consumption (Europe 2020-2030)","Total","Thousand tonnes of oil equivalent (TOE)","195,991.620",""
"2010","United Kingdom","Primary energy consumption (Europe 2020-2030)","Total","Thousand tonnes of oil equivalent (TOE)","205,093.171",""
"2011","United Kingdom","Primary energy consumption (Europe 2020-2030)","Total","Thousand tonnes of oil equivalent (TOE)","190,088.586",""
"2012","United Kingdom","Primary energy consumption (Europe 2020-2030)","Total","Thousand tonnes of oil equivalent (TOE)","195,148.749",""
"2013","United Kingdom","Primary energy consumption (Europe 2020-2030)","Total","Thousand tonnes of oil equivalent (TOE)","191,629.089",""
"2014","United Kingdom","Primary energy consumption (Europe 2020-2030)","Total","Thousand tonnes of oil equivalent (TOE)","180,717.412",""
"2015","United Kingdom","Primary energy consumption (Europe 2020-2030)","Total","Thousand tonnes of oil equivalent (TOE)","183,105.581",""
"2016","United Kingdom","Primary energy consumption (Europe 2020-2030)","Total","Thousand tonnes of oil equivalent (TOE)","179,005.716",""
"2017","United Kingdom","Primary energy consumption (Europe 2020-2030)","Total","Thousand tonnes of oil equivalent (TOE)","176,867.853",""
"2018","United Kingdom","Primary energy consumption (Europe 2020-2030)","Total","Thousand tonnes of oil equivalent (TOE)","176,265.357",""
"2009","Iceland","Primary energy consumption (Europe 2020-2030)","Total","Thousand tonnes of oil equivalent (TOE)","5,488.309",""
"2010","Iceland","Primary energy consumption (Europe 2020-2030)","Total","Thousand tonnes of oil equivalent (TOE)","5,526.173",""
"2011","Iceland","Primary energy consumption (Europe 2020-2030)","Total","Thousand tonnes of oil equivalent (TOE)","5,922.010",""
"2012","Iceland","Primary energy consumption (Europe 2020-2030)","Total","Thousand tonnes of oil equivalent (TOE)","5,793.699",""
"2013","Iceland","Primary energy consumption (Europe 2020-2030)","Total","Thousand tonnes of oil equivalent (TOE)","6,054.708",""
"2014","Iceland","Primary energy consumption (Europe 2020-2030)","Total","Thousand tonnes of oil equivalent (TOE)","6,052.759",""
"2015","Iceland","Primary energy consumption (Europe 2020-2030)","Total","Thousand tonnes of oil equivalent (TOE)","5,803.322",""
"2016","Iceland","Primary energy consumption (Europe 2020-2030)","Total","Thousand tonnes of oil equivalent (TOE)","5,586.507",""
"2017","Iceland","Primary energy consumption (Europe 2020-2030)","Total","Thousand tonnes of oil equivalent (TOE)","5,983.761",""
"2018","Iceland","Primary energy consumption (Europe 2020-2030)","Total","Thousand tonnes of oil equivalent (TOE)","6,530.291",""
"2009","Norway","Primary energy consumption (Europe 2020-2030)","Total","Thousand tonnes of oil equivalent (TOE)","29,548.074",""
"2010","Norway","Primary energy consumption (Europe 2020-2030)","Total","Thousand tonnes of oil equivalent (TOE)","30,774.031",""
"2011","Norway","Primary energy consumption (Europe 2020-2030)","Total","Thousand tonnes of oil equivalent (TOE)","26,268.933",""
"2012","Norway","Primary energy consumption (Europe 2020-2030)","Total","Thousand tonnes of oil equivalent (TOE)","26,574.861",""
"2013","Norway","Primary energy consumption (Europe 2020-2030)","Total","Thousand tonnes of oil equivalent (TOE)","30,777.735",""
"2014","Norway","Primary energy consumption (Europe 2020-2030)","Total","Thousand tonnes of oil equivalent (TOE)","26,471.697",""
"2015","Norway","Primary energy consumption (Europe 2020-2030)","Total","Thousand tonnes of oil equivalent (TOE)","27,003.075",""
"2016","Norway","Primary energy consumption (Europe 2020-2030)","Total","Thousand tonnes of oil equivalent (TOE)","26,067.443",""
"2017","Norway","Primary energy consumption (Europe 2020-2030)","Total","Thousand tonnes of oil equivalent (TOE)","27,296.233",""
"2018","Norway","Primary energy consumption (Europe 2020-2030)","Total","Thousand tonnes of oil equivalent (TOE)","25,937.385",""
"2009","Montenegro","Primary energy consumption (Europe 2020-2030)","Total","Thousand tonnes of oil equivalent (TOE)","929.012",""
"2010","Montenegro","Primary energy consumption (Europe 2020-2030)","Total","Thousand tonnes of oil equivalent (TOE)","1,089.037",""
"2011","Montenegro","Primary energy consumption (Europe 2020-2030)","Total","Thousand tonnes of oil equivalent (TOE)","1,093.026",""
"2012","Montenegro","Primary energy consumption (Europe 2020-2030)","Total","Thousand tonnes of oil equivalent (TOE)","1,039.801",""
"2013","Montenegro","Primary energy consumption (Europe 2020-2030)","Total","Thousand tonnes of oil equivalent (TOE)","970.143",""
"2014","Montenegro","Primary energy consumption (Europe 2020-2030)","Total","Thousand tonnes of oil equivalent (TOE)","946.365",""
"2015","Montenegro","Primary energy consumption (Europe 2020-2030)","Total","Thousand tonnes of oil equivalent (TOE)","991.285",""
"2016","Montenegro","Primary energy consumption (Europe 2020-2030)","Total","Thousand tonnes of oil equivalent (TOE)","950.601",""
"2017","Montenegro","Primary energy consumption (Europe 2020-2030)","Total","Thousand tonnes of oil equivalent (TOE)","991.633",""
"2018","Montenegro","Primary energy consumption (Europe 2020-2030)","Total","Thousand tonnes of oil equivalent (TOE)","1,039.910",""
"2009","North Macedonia","Primary energy consumption (Europe 2020-2030)","Total","Thousand tonnes of oil equivalent (TOE)","2,783.700",""
"2010","North Macedonia","Primary energy consumption (Europe 2020-2030)","Total","Thousand tonnes of oil equivalent (TOE)","2,846.827",""
"2011","North Macedonia","Primary energy consumption (Europe 2020-2030)","Total","Thousand tonnes of oil equivalent (TOE)","3,054.193",""
"2012","North Macedonia","Primary energy consumption (Europe 2020-2030)","Total","Thousand tonnes of oil equivalent (TOE)","2,947.350",""
"2013","North Macedonia","Primary energy consumption (Europe 2020-2030)","Total","Thousand tonnes of oil equivalent (TOE)","2,729.071",""
"2014","North Macedonia","Primary energy consumption (Europe 2020-2030)","Total","Thousand tonnes of oil equivalent (TOE)","2,657.152",""
"2015","North Macedonia","Primary energy consumption (Europe 2020-2030)","Total","Thousand tonnes of oil equivalent (TOE)","2,593.801",""
"2016","North Macedonia","Primary energy consumption (Europe 2020-2030)","Total","Thousand tonnes of oil equivalent (TOE)","2,556.728",""
"2017","North Macedonia","Primary energy consumption (Europe 2020-2030)","Total","Thousand tonnes of oil equivalent (TOE)","2,669.880",""
"2018","North Macedonia","Primary energy consumption (Europe 2020-2030)","Total","Thousand tonnes of oil equivalent (TOE)","2,521.690",""
"2009","Albania","Primary energy consumption (Europe 2020-2030)","Total","Thousand tonnes of oil equivalent (TOE)","2,012.966",""
"2010","Albania","Primary energy consumption (Europe 2020-2030)","Total","Thousand tonnes of oil equivalent (TOE)","2,042.075",""
"2011","Albania","Primary energy consumption (Europe 2020-2030)","Total","Thousand tonnes of oil equivalent (TOE)","2,197.285",""
"2012","Albania","Primary energy consumption (Europe 2020-2030)","Total","Thousand tonnes of oil equivalent (TOE)","1,985.479",""
"2013","Albania","Primary energy consumption (Europe 2020-2030)","Total","Thousand tonnes of oil equivalent (TOE)","2,204.559",""
"2014","Albania","Primary energy consumption (Europe 2020-2030)","Total","Thousand tonnes of oil equivalent (TOE)","2,262.950",""
"2015","Albania","Primary energy consumption (Europe 2020-2030)","Total","Thousand tonnes of oil equivalent (TOE)","2,118.322",""
"2016","Albania","Primary energy consumption (Europe 2020-2030)","Total","Thousand tonnes of oil equivalent (TOE)","2,169.255",""
"2017","Albania","Primary energy consumption (Europe 2020-2030)","Total","Thousand tonnes of oil equivalent (TOE)","2,330.360",""
"2018","Albania","Primary energy consumption (Europe 2020-2030)","Total","Thousand tonnes of oil equivalent (TOE)","2,332.955",""
"2009","Serbia","Primary energy consumption (Europe 2020-2030)","Total","Thousand tonnes of oil equivalent (TOE)","14,619.952",""
"2010","Serbia","Primary energy consumption (Europe 2020-2030)","Total","Thousand tonnes of oil equivalent (TOE)","14,800.514",""
"2011","Serbia","Primary energy consumption (Europe 2020-2030)","Total","Thousand tonnes of oil equivalent (TOE)","15,483.048",""
"2012","Serbia","Primary energy consumption (Europe 2020-2030)","Total","Thousand tonnes of oil equivalent (TOE)","14,276.574",""
"2013","Serbia","Primary energy consumption (Europe 2020-2030)","Total","Thousand tonnes of oil equivalent (TOE)","14,382.018",""
"2014","Serbia","Primary energy consumption (Europe 2020-2030)","Total","Thousand tonnes of oil equivalent (TOE)","12,832.845",""
"2015","Serbia","Primary energy consumption (Europe 2020-2030)","Total","Thousand tonnes of oil equivalent (TOE)","14,207.452",""
"2016","Serbia","Primary energy consumption (Europe 2020-2030)","Total","Thousand tonnes of oil equivalent (TOE)","14,583.232",""
"2017","Serbia","Primary energy consumption (Europe 2020-2030)","Total","Thousand tonnes of oil equivalent (TOE)","14,892.925",""
"2018","Serbia","Primary energy consumption (Europe 2020-2030)","Total","Thousand tonnes of oil equivalent (TOE)","14,785.652",""
"2009","Turkey","Primary energy consumption (Europe 2020-2030)","Total","Thousand tonnes of oil equivalent (TOE)","92,969.372",""
"2010","Turkey","Primary energy consumption (Europe 2020-2030)","Total","Thousand tonnes of oil equivalent (TOE)","98,255.066",""
"2011","Turkey","Primary energy consumption (Europe 2020-2030)","Total","Thousand tonnes of oil equivalent (TOE)","106,647.199",""
"2012","Turkey","Primary energy consumption (Europe 2020-2030)","Total","Thousand tonnes of oil equivalent (TOE)","110,585.239",""
"2013","Turkey","Primary energy consumption (Europe 2020-2030)","Total","Thousand tonnes of oil equivalent (TOE)","106,683.638",""
"2014","Turkey","Primary energy consumption (Europe 2020-2030)","Total","Thousand tonnes of oil equivalent (TOE)","116,643.925",""
"2015","Turkey","Primary energy consumption (Europe 2020-2030)","Total","Thousand tonnes of oil equivalent (TOE)","125,321.183",""
"2016","Turkey","Primary energy consumption (Europe 2020-2030)","Total","Thousand tonnes of oil equivalent (TOE)","131,523.487",""
"2017","Turkey","Primary energy consumption (Europe 2020-2030)","Total","Thousand tonnes of oil equivalent (TOE)","145,482.037",""
"2018","Turkey","Primary energy consumption (Europe 2020-2030)","Total","Thousand tonnes of oil equivalent (TOE)","139,499.525",""
"2009","Bosnia and Herzegovina","Primary energy consumption (Europe 2020-2030)","Total","Thousand tonnes of oil equivalent (TOE)",":",""
"2010","Bosnia and Herzegovina","Primary energy consumption (Europe 2020-2030)","Total","Thousand tonnes of oil equivalent (TOE)",":",""
"2011","Bosnia and Herzegovina","Primary energy consumption (Europe 2020-2030)","Total","Thousand tonnes of oil equivalent (TOE)",":",""
"2012","Bosnia and Herzegovina","Primary energy consumption (Europe 2020-2030)","Total","Thousand tonnes of oil equivalent (TOE)",":",""
"2013","Bosnia and Herzegovina","Primary energy consumption (Europe 2020-2030)","Total","Thousand tonnes of oil equivalent (TOE)",":",""
"2014","Bosnia and Herzegovina","Primary energy consumption (Europe 2020-2030)","Total","Thousand tonnes of oil equivalent (TOE)","5,936.371",""
"2015","Bosnia and Herzegovina","Primary energy consumption (Europe 2020-2030)","Total","Thousand tonnes of oil equivalent (TOE)","6,113.933",""
"2016","Bosnia and Herzegovina","Primary energy consumption (Europe 2020-2030)","Total","Thousand tonnes of oil equivalent (TOE)","6,691.273",""
"2017","Bosnia and Herzegovina","Primary energy consumption (Europe 2020-2030)","Total","Thousand tonnes of oil equivalent (TOE)","6,691.094",""
"2018","Bosnia and Herzegovina","Primary energy consumption (Europe 2020-2030)","Total","Thousand tonnes of oil equivalent (TOE)",":",""
"2009","Kosovo (under United Nations Security Council Resolution 1244/99)","Primary energy consumption (Europe 2020-2030)","Total","Thousand tonnes of oil equivalent (TOE)","2,448.885",""
"2010","Kosovo (under United Nations Security Council Resolution 1244/99)","Primary energy consumption (Europe 2020-2030)","Total","Thousand tonnes of oil equivalent (TOE)","2,509.736",""
"2011","Kosovo (under United Nations Security Council Resolution 1244/99)","Primary energy consumption (Europe 2020-2030)","Total","Thousand tonnes of oil equivalent (TOE)","2,489.749",""
"2012","Kosovo (under United Nations Security Council Resolution 1244/99)","Primary energy consumption (Europe 2020-2030)","Total","Thousand tonnes of oil equivalent (TOE)","2,344.565",""
"2013","Kosovo (under United Nations Security Council Resolution 1244/99)","Primary energy consumption (Europe 2020-2030)","Total","Thousand tonnes of oil equivalent (TOE)","2,269.536",""
"2014","Kosovo (under United Nations Security Council Resolution 1244/99)","Primary energy consumption (Europe 2020-2030)","Total","Thousand tonnes of oil equivalent (TOE)","2,183.568",""
"2015","Kosovo (under United Nations Security Council Resolution 1244/99)","Primary energy consumption (Europe 2020-2030)","Total","Thousand tonnes of oil equivalent (TOE)","2,476.057",""
"2016","Kosovo (under United Nations Security Council Resolution 1244/99)","Primary energy consumption (Europe 2020-2030)","Total","Thousand tonnes of oil equivalent (TOE)","2,662.465",""
"2017","Kosovo (under United Nations Security Council Resolution 1244/99)","Primary energy consumption (Europe 2020-2030)","Total","Thousand tonnes of oil equivalent (TOE)","2,528.306",""
"2018","Kosovo (under United Nations Security Council Resolution 1244/99)","Primary energy consumption (Europe 2020-2030)","Total","Thousand tonnes of oil equivalent (TOE)","2,541.290",""
"2009","Moldova","Primary energy consumption (Europe 2020-2030)","Total","Thousand tonnes of oil equivalent (TOE)",":",""
"2010","Moldova","Primary energy consumption (Europe 2020-2030)","Total","Thousand tonnes of oil equivalent (TOE)","2,517.936",""
"2011","Moldova","Primary energy consumption (Europe 2020-2030)","Total","Thousand tonnes of oil equivalent (TOE)","2,565.802",""
"2012","Moldova","Primary energy consumption (Europe 2020-2030)","Total","Thousand tonnes of oil equivalent (TOE)","2,498.418",""
"2013","Moldova","Primary energy consumption (Europe 2020-2030)","Total","Thousand tonnes of oil equivalent (TOE)","2,526.932",""
"2014","Moldova","Primary energy consumption (Europe 2020-2030)","Total","Thousand tonnes of oil equivalent (TOE)","2,549.115",""
"2015","Moldova","Primary energy consumption (Europe 2020-2030)","Total","Thousand tonnes of oil equivalent (TOE)","2,571.152",""
"2016","Moldova","Primary energy consumption (Europe 2020-2030)","Total","Thousand tonnes of oil equivalent (TOE)","2,671.658",""
"2017","Moldova","Primary energy consumption (Europe 2020-2030)","Total","Thousand tonnes of oil equivalent (TOE)","2,814.482",""
"2018","Moldova","Primary energy consumption (Europe 2020-2030)","Total","Thousand tonnes of oil equivalent (TOE)","2,941.144",""
"2009","Ukraine","Primary energy consumption (Europe 2020-2030)","Total","Thousand tonnes of oil equivalent (TOE)","110,336.257",""
"2010","Ukraine","Primary energy consumption (Europe 2020-2030)","Total","Thousand tonnes of oil equivalent (TOE)","127,010.556",""
"2011","Ukraine","Primary energy consumption (Europe 2020-2030)","Total","Thousand tonnes of oil equivalent (TOE)","120,619.614",""
"2012","Ukraine","Primary energy consumption (Europe 2020-2030)","Total","Thousand tonnes of oil equivalent (TOE)","116,534.564",""
"2013","Ukraine","Primary energy consumption (Europe 2020-2030)","Total","Thousand tonnes of oil equivalent (TOE)","110,184.873",""
"2014","Ukraine","Primary energy consumption (Europe 2020-2030)","Total","Thousand tonnes of oil equivalent (TOE)","101,409.475",""
"2015","Ukraine","Primary energy consumption (Europe 2020-2030)","Total","Thousand tonnes of oil equivalent (TOE)","88,929.036",""
"2016","Ukraine","Primary energy consumption (Europe 2020-2030)","Total","Thousand tonnes of oil equivalent (TOE)","90,841.398",""
"2017","Ukraine","Primary energy consumption (Europe 2020-2030)","Total","Thousand tonnes of oil equivalent (TOE)","86,681.499",""
"2018","Ukraine","Primary energy consumption (Europe 2020-2030)","Total","Thousand tonnes of oil equivalent (TOE)",":",""
"2009","Georgia","Primary energy consumption (Europe 2020-2030)","Total","Thousand tonnes of oil equivalent (TOE)",":",""
"2010","Georgia","Primary energy consumption (Europe 2020-2030)","Total","Thousand tonnes of oil equivalent (TOE)",":",""
"2011","Georgia","Primary energy consumption (Europe 2020-2030)","Total","Thousand tonnes of oil equivalent (TOE)",":",""
"2012","Georgia","Primary energy consumption (Europe 2020-2030)","Total","Thousand tonnes of oil equivalent (TOE)",":",""
"2013","Georgia","Primary energy consumption (Europe 2020-2030)","Total","Thousand tonnes of oil equivalent (TOE)","3,708.187",""
"2014","Georgia","Primary energy consumption (Europe 2020-2030)","Total","Thousand tonnes of oil equivalent (TOE)","4,163.069",""
"2015","Georgia","Primary energy consumption (Europe 2020-2030)","Total","Thousand tonnes of oil equivalent (TOE)","4,371.064",""
"2016","Georgia","Primary energy consumption (Europe 2020-2030)","Total","Thousand tonnes of oil equivalent (TOE)","4,560.209",""
"2017","Georgia","Primary energy consumption (Europe 2020-2030)","Total","Thousand tonnes of oil equivalent (TOE)","4,575.851",""
"2018","Georgia","Primary energy consumption (Europe 2020-2030)","Total","Thousand tonnes of oil equivalent (TOE)","4,585.088",""
